392699,custom my space layouts,24-04-2006 14:32,1,_
392699,custom myspace layouts,24-04-2006 14:32,3,http://www.killerkiwi.net
392699,unusual artwork,24-04-2006 22:48,2,http://www.benzviart.com
392699,pictures of unusual artwork,24-04-2006 22:50,9,http://www.satgraphics.com
392699,basquiats artwork,24-04-2006 22:55,7,http://www.studio-international.co.uk
392699,basquet art,24-04-2006 22:53,1,_
392699,funny aim icons,27-04-2006 22:44,1,http://www.picgames.com
392699,funny aim icons,27-04-2006 22:44,3,http://www.coolbuddy.com
392699,peace and hate by the submarines lyrics,27-04-2006 22:57,2,http://myspace.com
392699,sufjan stevens lyrics,30-04-2006 22:57,1,http://www.lyricsmania.com
392699,come back from california all us here in florida are starved for your attention. were starved for your attention. you know i wont mind if you monopolize all of my time. i wont say a thing at all i wont say a word at all..,01-05-2006 22:04,4,http://www.xanga.com
392699,space mtn lyrics,03-05-2006 11:05,7,http://www.cduniverse.com
392699,space mtn lyrics,03-05-2006 11:05,1,http://www.spacemtn.com
392699,indie lyrics,03-05-2006 11:10,1,http://www.rockindie.com
392699,im wide awake its morning lyrics,03-05-2006 11:15,1,http://www.sing365.com
392699,bright eyes lyrics,03-05-2006 11:18,1,http://www.plyrics.com
392699,death cab for cutie,03-05-2006 11:22,0,http://www.splendidezine.com
392699,death cab for cutie lyrics,03-05-2006 11:23,1,http://www.azlyrics.com
392699,motion city soundtrack lyrics,03-05-2006 11:33,1,http://www.plyrics.com
392699,space mtn lyrics,03-05-2006 11:35,3,http://www.splendidezine.com
392699,a drawing of a memory of a photograph of you by space mtn,03-05-2006 11:37,0,http://www.splendidezine.com
392699,sufjan stevens lyrics,03-05-2006 11:38,1,http://www.lyricsmania.com
392699,sufjan stevens lyrics,03-05-2006 11:38,4,http://www.absolutelyrics.com
392699,bright eyes lyrics,03-05-2006 11:52,1,http://www.plyrics.com
392699,for you lyrics,04-05-2006 00:30,0,http://www.splendidezine.com
392699,for you barroom eyes shine vancancy lyrics,04-05-2006 00:32,0,http://www.splendidezine.com
392699,for you barroom eyes shine vacancy lyrics,04-05-2006 00:32,2,http://www.lyrics007.com
392699,for you barroom eyes shine vacancy lyrics,04-05-2006 00:32,3,http://www.lyricsfreak.com
392699,polar bears,04-05-2006 01:54,1,http://www.buschgardens.org
392699,would you rather,08-05-2006 22:52,3,http://barry.warsaw.us
392699,would you rather,08-05-2006 22:52,6,http://www.zobmondo.com
392699,would you rather,08-05-2006 22:52,1,http://www.wouldyourather.co.uk
392699,would you rather,08-05-2006 22:52,2,http://www.wouldyourather.com
392699,would you rather,08-05-2006 22:52,3,http://barry.warsaw.us
392699,would you rather,08-05-2006 22:52,9,http://www.reason.com
392699,would you rather,08-05-2006 22:59,0,http://www.splendidezine.com
392699,penguin jokes,09-05-2006 00:43,2,http://www.fortunecity.com
392699,penguin jokes,09-05-2006 00:43,1,http://monyscurry.tripod.com
392699,punchline lyrics,09-05-2006 15:36,1,http://www.plyrics.com
392699,s&m,09-05-2006 23:35,2,http://en.wikipedia.org
392699,define aberrant,12-05-2006 00:45,0,http://www.splendidezine.com
392699,san jacinto college,13-05-2006 23:10,1,http://www.sjcd.cc.tx.us
392699,planned parenthood,14-05-2006 13:51,1,http://www.plannedparenthood.org
392699,pictures of scene boys,14-05-2006 16:15,1,http://www.palmbeachdailynews.com
392699,pictures of scene boys,14-05-2006 16:15,10,http://www.urbandictionary.com
392699,memorable garden state quotes,18-05-2006 00:23,1,http://www.imdb.com
392699,jason mraz lyrics,18-05-2006 22:06,1,http://www.lyricsondemand.com
392699,head automatica lyrics,18-05-2006 22:17,1,http://www.sing365.com
392699,head automatica lyrics,18-05-2006 22:19,2,http://www.azlyrics.com
392699,eddie brock,23-05-2006 23:58,3,http://www.adherents.com
392699,custom myspace layouts,24-05-2006 22:21,2,http://www.killerkiwi.net
392699,shane schubbe,25-05-2006 00:06,37,http://www.distantcousin.com
392699,sixpence none the richer lyrics,29-05-2006 00:54,1,http://www.lyricsondemand.com
392699,area code 512,30-05-2006 00:33,5,http://en.wikipedia.org
392699,exotic pets for sale,30-05-2006 22:11,7,http://www.altpet.net
392699,pet monkeys for sale,30-05-2006 22:17,1,http://www.primatestore.com
392699,pet monkeys for sale,30-05-2006 22:17,4,http://www.elams.org
392699,pet monkeys for sale,30-05-2006 22:17,5,http://www.ippl.org
392699,define turrets,30-05-2006 23:15,3,http://www.omnimedicalsearch.com
393765,aish tamid,01-03-2006 19:41,5,http://learn.jtsa.edu
393765,ner tamid,01-03-2006 19:43,1,http://www.jewishvirtuallibrary.org
393765,laying flat on stomach ,05-03-2006 00:14,0,http://www.splendidezine.com
393765,laying flat on stomach ,05-03-2006 00:14,1,http://www.newshe.com
393765,a military history of israel,05-03-2006 20:44,0,http://www.splendidezine.com
393765,richard a. gabriel ph.d.,05-03-2006 20:46,0,http://www.splendidezine.com
393765,the military history of ancient israel,05-03-2006 20:49,1,http://www.amazon.com
393765,the military history of ancient israel,05-03-2006 20:49,8,http://shopping.msn.com
393765,the military history of ancient israel,05-03-2006 20:49,5,http://www.greenwood.com
393765,god of war sequel,06-03-2006 21:19,3,http://ps2.boomtown.net
393765,david jaffe,06-03-2006 21:22,2,http://www.jaffe.com
393765,david jaffe,06-03-2006 21:22,7,http://www.davidjaffe.typepad.com
393765,tim schaeffer,06-03-2006 21:25,1,http://www.timschaeffer.com
393765,tim schaeffer,06-03-2006 21:26,0,http://www.splendidezine.com
393765,carmine goldberg deli,11-03-2006 23:46,3,http://www.sidelinesnews.com
393765,carmine goldberg deli,11-03-2006 23:46,1,http://carraigehousegnzls.s40n.info
393765,global security.com,11-03-2006 23:49,1,http://www.globalsecurity.org
393765,lorne lanning,12-03-2006 17:12,5,http://www.cmpevents.com
393765,massacre at ayodhya,12-03-2006 17:56,2,http://www.telegraph.co.uk
393765,double fine productions,12-03-2006 19:24,1,http://www.doublefine.com
393765,clayton kauzlaric,12-03-2006 19:33,3,http://www.armchairempire.com
393765,clayton kauzlaric,12-03-2006 19:33,1,http://www.mobygames.com
393765,noah hughes,12-03-2006 19:36,0,http://www.splendidezine.com
393765,noah hughes crystal dynamic,12-03-2006 19:37,2,http://www.mobygames.com
393765,noah hughes crystal dynamic,12-03-2006 19:37,5,http://loadedinc.com
393765,noah hughes crystal dynamic,12-03-2006 19:37,9,http://www.revolutionreport.com
393765,noah hughes whiplash,12-03-2006 19:48,1,http://www.gamespot.com
393765,noah hughes whiplash,12-03-2006 19:48,2,http://www.gamefaqs.com
393765,noah hughes whiplash developer idea,12-03-2006 19:50,5,http://msxbox-world.com
393765,polyphonic spree,12-03-2006 19:55,1,http://www.thepolyphonicspree.com
393765,polyphonic spree,12-03-2006 19:55,5,http://www.mtv.com
393765,polyphonic spree,12-03-2006 20:01,8,http://ask.yahoo.com
393765,david jaffe,12-03-2006 20:06,1,http://davidjaffe.modblog.com
393765,david jaffe,12-03-2006 20:06,9,http://www.davidjaffe.typepad.com
393765,spade mcquade,14-03-2006 21:22,7,http://www.firststreetlive.com
393765,spade mcquade,14-03-2006 21:22,5,http://www.soundclick.com
393765,lynchs irish pub,14-03-2006 21:24,1,http://www.pubcrawler.com
393765,dr. muto cheats walkthrough,17-03-2006 21:18,1,http://www.bigcheat.com
393765,dr. muto cheats walkthrough,17-03-2006 21:18,2,http://www.allcube.com
393765,dr. muto cheats walkthrough,17-03-2006 21:18,4,http://www.gamepublic.com
393765,dr. muto cheats walkthrough,17-03-2006 21:18,6,http://www.gamespot.com
393765,dr. muto cheats walkthrough,17-03-2006 21:18,7,http://faqs.ign.com
393765,dr. muto cheats walkthrough,17-03-2006 21:18,8,http://www.cheatsunlimited.com
393765,dr. muto cheats walkthrough,17-03-2006 21:18,10,http://www.neoseeker.com
393765,dr. muto cheats walkthrough,17-03-2006 21:25,0,http://www.splendidezine.com
393765,dr. muto cheats walkthrough xbox,17-03-2006 21:25,2,http://www.gamepublic.com
393765,dr. muto cheats walkthrough xbox,17-03-2006 21:25,4,http://faqs.ign.com
393765,whiplash faqs walkthru xbox,17-03-2006 21:28,1,http://videogames.aol.com
393765,new age economy,19-03-2006 12:17,1,http://economictimes.com
393765,new age economy,19-03-2006 12:17,2,http://businessinsider.com
393765,new age economy,20-03-2006 16:53,5,http://www.ironlife.com
393765,new age economy,20-03-2006 16:54,0,http://www.splendidezine.com
393765,new age economy,20-03-2006 16:55,1,http://www.health-resource.org
393765,new age economy,20-03-2006 16:55,9,http://www.saywhat.com
393765,new age economy,21-03-2006 14:49,2,http://www.nomadic-life.org
393765,new age economy,21-03-2006 14:49,10,http://www.hipsterforums.com
393765,new age economy,21-03-2006 14:49,10,http://www.hipsterforums.com
393765,what does freedom feel like for an indian,21-03-2006 15:45,14,http://www.maximonline.com
393765,what does freedom feel like for an indian,21-03-2006 15:45,15,http://www.hour.ca
393765,what does freedom feel like for an indian,21-03-2006 15:48,13,http://forum.dvdtalk.com
393765,cardiac arrythmia,23-03-2006 20:19,5,http://www.arrhythmia.org
393765,cardiac arrhythmia,23-03-2006 20:21,1,http://www.acc.org
393765,jews arrivl in egypt,28-03-2006 19:59,0,http://www.splendidezine.com
393765,jews arrival in egypt,28-03-2006 19:59,1,http://www.cardiff.ac.uk
393765,ask moses,28-03-2006 20:05,1,http://www.askmoses.com
393765,jews arrival in egypt,28-03-2006 20:09,4,http://www.halexandria.org
393765,jewish enslavement in egypt,28-03-2006 20:11,2,http://www.jewishagency.org
393765,jewish enslavement in egypt,28-03-2006 20:11,3,http://www.jewishvirtuallibrary.org
393765,jewish enslavement in egypt,28-03-2006 20:11,4,http://www.njop.org
393765,jewish enslavement in egypt,28-03-2006 20:11,6,http://encarta.msn.com
2845968,sep account,09-04-2006 20:21,2,http://pageserve.firstrade.com
2845968,sep account,09-04-2006 20:21,6,http://www.irs.gov
2845968,sep account,09-04-2006 20:21,10,http://www.investopedia.com
2845968,texas department of insurance,10-04-2006 10:23,1,http://www.tdi.state.tx.us
2845968,texas department of insurance,10-04-2006 16:12,1,http://www.tdi.state.tx.us
2845968,texas department of insurance,10-04-2006 16:12,1,http://www.tdi.state.tx.us
2845968,art design bussiness cards,12-04-2006 17:00,7,http://www.ananzi.co.za
2845968,cadeusus,12-04-2006 17:30,1,http://shop.store.yahoo.com
2845968,cadeusus,12-04-2006 17:30,5,http://www.abaxion.com
2845968,free business card programs,12-04-2006 17:35,2,http://www.freedownloadscenter.com
2845968,2006 salaries,15-05-2006 17:59,1,http://www.opm.gov
2845968,2006 salaries,15-05-2006 17:59,1,http://www.opm.gov
2845968,2006 salaries,15-05-2006 17:59,2,http://www.creativegroup.com
2845968,2006 salaries,15-05-2006 17:59,7,http://www.payscale.com
2845968,2006 salaries,15-05-2006 17:59,9,http://www.georgetownuniversityhospital.org
2845968,www.interactiveoffices.com,11-05-2006 11:19,1,http://www.interactiveoffices.com
2845968,medical consultants network,11-05-2006 15:35,1,http://www.mcn.com
2845968,chiropractic offices in lubbock,11-05-2006 16:27,7,http://www.jobsearch.com
2845968,lubbock chiropractors,11-05-2006 16:28,4,http://www.switchboard.com
2846309,arthur frommer,11-03-2006 14:16,1,http://www.frommers.com
2846309,mbna world points,14-03-2006 18:26,1,http://www.mbnaworldpoints.com
2846309,barnes and noble coupon,14-03-2006 18:33,1,http://www.allonlinecoupons.com
2846309,barnes and noble coupon,14-03-2006 18:33,2,http://www.flamingoworld.com
2846309,barnes and noble coupon,14-03-2006 18:33,4,http://elliottback.com
2846309,barnes and noble coupon,14-03-2006 18:33,7,http://www.xpbargains.com
2846309,barnes and noble coupon,14-03-2006 18:33,9,http://www.dealcatcher.com
2846309,barnes and noble coupon,14-03-2006 18:33,9,http://www.dealcatcher.com
2846309,barnes and noble coupon,14-03-2006 18:33,10,http://www.totaldeals.com
2846309,natural remedies leg cramps,21-03-2006 20:33,1,http://www.mothernature.com
2846309,natural remedies leg cramps,21-03-2006 20:33,3,http://www.wonderlabs.com
2846309,car donation milwaukee,21-03-2006 20:52,1,http://www.thechildabusehotline.com
2846309,car donation milwaukee,21-03-2006 20:52,3,http://www.cars4charities.org
2846309,car donation milwaukee,21-03-2006 20:52,5,http://www.kars4kids.org
2846309,rawhide milwaukee,21-03-2006 21:04,1,http://www.rawhide.org
2846309,costume jewelry,21-03-2006 21:08,3,http://www.costumejewelry.com
2846309,costume jewelry,21-03-2006 21:08,10,http://www.partytimejewelry.com
2846309,lenox opal innocence soup,21-03-2006 21:10,1,http://www.amazon.com
2846309,lenox opal innocence soup,21-03-2006 21:10,3,http://www.lenox.com
2846309,lenox opal innocence soup,21-03-2006 21:10,3,http://www.lenox.com
2846309,lenox opal innocence soup,21-03-2006 21:23,5,http://www.dinnerwaredepot.com
2846309,lenox opal innocence soup,21-03-2006 21:23,7,http://www.bestwishes.net
2846309,lenox opal innocence soup,21-03-2006 21:23,9,http://www.bestcrystal.com
2846309,whitmore china storage,23-03-2006 22:45,4,http://wwww.shop.com
2846309,whitmore china storage,23-03-2006 22:46,16,http://www.nextag.com
2846309,whitmore china storage,23-03-2006 22:46,19,http://www.sears.com
2846309,whitmore china storage,23-03-2006 22:51,26,http://www.izazu.com
2846309,car donation milwaukee,24-03-2006 18:47,3,http://www.cars4charities.org
2846309,car donation milwaukee,24-03-2006 18:47,2,http://www.kars4kids.org
2846309,last minute vacation,25-03-2006 10:41,1,http://www.11thhourvacations.com
2846309,last minute vacation,25-03-2006 10:41,2,http://www.lastminutetravel.com
2846309,last minute vacations,25-03-2006 11:09,3,http://www.site59.com
2846309,last minute vacations,25-03-2006 11:38,5,http://walmart.vacationoutlet.com
2846309,last minute vacations,25-03-2006 11:38,6,http://deltavacations.lmdeals.com
2846309,movies to dvd,27-03-2006 11:30,5,http://movies.go.com
2846309,ncaa basketball,01-04-2006 22:24,1,http://www.ncaasports.com
2846309,top ranked part time mba,02-04-2006 19:12,0,http://www.splendidezine.com
2846309,top ranked part time mba newsweek,02-04-2006 19:13,0,http://www.splendidezine.com
2846309,top ranked part time mba newsweek,02-04-2006 19:13,1,http://www.msnbc.msn.com
2846309,newsweek top ranked mba,02-04-2006 19:15,0,http://www.splendidezine.com
2846309,newsweek top ranked mba,02-04-2006 19:15,0,http://www.splendidezine.com
2846309,us news world report,02-04-2006 19:19,1,http://www.usnews.com
2846309,us news world report top ranked part time mba,02-04-2006 19:22,1,http://www.usnews.com
2846309,american idol,06-04-2006 08:59,1,http://www.idolonfox.com
2846309,american idol,06-04-2006 08:59,9,http://idolforums.com
2846309,lands end coupon,07-04-2006 18:27,1,http://www.dealcatcher.com
2846309,roamans coupon,07-04-2006 18:47,1,http://www.savings-center.com
2846309,roamans coupon,08-04-2006 09:42,1,http://www.savings-center.com
2846309,clarks coupon,08-04-2006 10:03,1,http://www.wizardofshoes.com
2846309,clarks sunbeat,08-04-2006 10:04,1,http://www.barrieshoes.com
2846309,clarks sunbeat,08-04-2006 10:04,2,http://dales-shoes.com
2846309,clarks sunbeat,08-04-2006 10:04,3,http://www.dealtime.com
2846309,anthony richards,08-04-2006 10:17,0,http://www.splendidezine.com
2846309,amerimark coupon,08-04-2006 10:22,0,http://www.splendidezine.com
2846309,gamehouse coupon,08-04-2006 10:48,8,http://www.dealdude.com
2846309,gamehouse coupon,08-04-2006 10:50,1,http://www.gamehouse.com
2846309,pie crust shrinking,10-04-2006 09:52,1,http://extension.missouri.edu
2846309,pie crust shrinking,10-04-2006 09:52,1,http://extension.missouri.edu
2846309,copper dock restaurant wisconsin,10-04-2006 11:04,1,http://www.foodspot.com
2846309,sheraton brown deer wisconsin,10-04-2006 11:05,1,http://www.roadsideamerica.com
2846309,inverted t waves ekg,11-04-2006 17:07,1,http://www.anaesthetist.com
2846309,inverted t waves ekg,11-04-2006 17:07,1,http://www.anaesthetist.com
2846309,inverted t waves ekg,11-04-2006 17:07,3,http://www.thedoctorslounge.net
2846309,inverted t waves ekg,11-04-2006 17:07,3,http://www.thedoctorslounge.net
2846309,inverted t waves ekg,11-04-2006 17:07,7,http://en.wikipedia.org
2846309,inverted t waves ekg,11-04-2006 17:18,15,http://www.patient.co.uk
2846309,inverted t waves ekg,11-04-2006 17:18,15,http://www.patient.co.uk
2846309,garlic perles,13-04-2006 08:06,0,http://www.splendidezine.com
2846309,www.fafsa.gov.edu,14-04-2006 14:06,0,http://www.splendidezine.com
2846309,fafsa,14-04-2006 14:06,1,http://www.fafsa.ed.gov
2846309,wisconsin dmv,14-04-2006 20:29,1,http://www.dot.wisconsin.gov
2846309,wisconsin dmv,14-04-2006 20:29,0,http://www.splendidezine.com
2846309,las vegas restaurants,17-04-2006 00:04,2,http://www.a2zlasvegas.com
2846309,las vegas restaurant coupons,17-04-2006 00:16,1,http://www.destinationcoupons.com
2846309,las vegas restaurant coupons,17-04-2006 00:16,3,http://www.accessvegas.com
2846309,las vegas restaurant coupons,17-04-2006 00:16,4,http://www.lasvegas-nv.com
2846309,las vegas restaurant coupons,17-04-2006 00:16,7,http://emol.org
2846309,las vegas restaurant coupons,17-04-2006 00:16,9,http://www.ehow.com
2846309,general mitchell airport milwaukee,17-04-2006 11:14,1,http://www.mitchellairport.com
2846309,general mitchell milwaukee,18-04-2006 13:57,1,http://www.mitchellairport.com
2846309,allegra,22-04-2006 15:37,1,http://www.allegra.com
2846309,coin lesion,22-04-2006 15:38,1,http://www.diseasesdatabase.com
2846309,coin lesion,22-04-2006 15:38,2,http://medical-dictionary.thefreedictionary.com
2846309,coin lesion,22-04-2006 15:38,4,http://content.karger.com
2846309,coin lesion,22-04-2006 15:38,8,http://fred.hmc.psu.edu
2846309,bowflex treadclimber,24-04-2006 10:00,3,http://www.epinions.com
2846309,bowflex treadclimber,24-04-2006 10:00,4,http://www.epinions.com
2846309,dance revolution,24-04-2006 19:22,1,http://www.ddrfreak.com
2846309,dance revolution,24-04-2006 19:22,2,http://www.ddrfreak.com
2846309,dance revolution,24-04-2006 19:22,3,http://en.wikipedia.org
2846309,magic bullet,25-04-2006 08:43,1,http://www.buythebullet.com
2846309,metastatic squamous cell carcinoma,26-04-2006 08:20,2,http://www.acor.org
2846309,radical neck dissection,26-04-2006 08:25,1,http://www.emedicine.com
2846309,specialty tapes franksville,26-04-2006 20:11,3,http://www.specialtytapes.net
2846309,migraines valve disease,27-04-2006 09:04,1,http://www.ncbi.nlm.nih.gov
2846309,migraines valve disease,27-04-2006 09:04,3,http://www.riskworld.com
2846309,migraines valve disease,27-04-2006 09:04,4,http://www.medhelp.org
2846309,migraines valve disease,27-04-2006 09:04,7,http://www.medicinenet.com
2846309,migraines valve disease,27-04-2006 09:04,10,http://www.woio.com
2846309,triptans and heart disease,27-04-2006 09:09,2,http://www.dukemednews.org
2846309,triptans and heart disease,27-04-2006 09:09,3,http://www.dukemednews.org
2846309,triptans and heart disease,27-04-2006 09:09,5,http://www.ncbi.nlm.nih.gov
2846309,airports new york state,28-04-2006 11:14,1,http://www.dot.state.ny.us
2846309,airports new york state,28-04-2006 11:19,1,http://www.dot.state.ny.us
2846309,sallie mae servicing,29-04-2006 14:24,2,http://www2.salliemae.com
2846309,sallie mae servicing,29-04-2006 14:24,1,http://www.salliemae.com
2846309,liz & me woman clothing,29-04-2006 15:50,2,http://www.bizrate.com
2846309,liz & me woman clothing,29-04-2006 15:50,5,http://catherines.charmingshoppes.com
2846309,styrofoam peanuts,30-04-2006 14:57,0,http://www.splendidezine.com
2846309,styrofoam peanuts,30-04-2006 15:00,0,http://www.splendidezine.com
2846309,styrofoam peanuts,30-04-2006 15:00,0,http://www.splendidezine.com
2846309,www.the packagingsuper search.com,30-04-2006 15:01,0,http://www.splendidezine.com
2846309,bravo tv,04-05-2006 20:45,1,http://www.bravotv.com
2846309,intervet service providers las vegas,05-05-2006 12:08,0,http://www.splendidezine.com
2846309,internet service providers las vegas,05-05-2006 12:09,1,http://www.lasvegas.net
2846309,internet service providers las vegas,05-05-2006 12:09,2,http://lasvegas.about.com
2846309,stayonline las vegas,05-05-2006 12:14,3,http://nextel.boingo.com
2846309,stayonline las vegas,05-05-2006 12:14,7,http://www.jiwire.com
2846309,stayonline ipass las vegas,05-05-2006 12:20,3,http://www.jiwire.com
2846309,internet service provider hilton las vegas,05-05-2006 12:21,1,http://www.prioritynetworks.net
2846309,top chef finale las vegas,06-05-2006 10:29,1,http://www.reviewjournal.com
2846309,public gardens milwaukee,06-05-2006 10:30,5,http://dir.yahoo.com
2846309,boerhner botanical gardens,06-05-2006 10:32,0,http://www.splendidezine.com
2846309,boerner botanical gardens,06-05-2006 10:32,1,http://www.boernerbotanicalgardens.org
2846309,botanical gardens illinois,06-05-2006 10:33,2,http://www.klehm.org
2846309,botanical gardens wisconsin,06-05-2006 10:34,2,http://www.olbrich.org
2846309,botanical gardens wisconsin,06-05-2006 10:35,0,http://www.splendidezine.com
2846309,state parks wisconsin,07-05-2006 09:41,1,http://www.dnr.state.wi.us
2846309,ozaukee interurban trail,07-05-2006 09:44,1,http://www.interurbantrail.us
2846309,sheboygan wisconsin,07-05-2006 09:49,2,http://www.sheboygan.org
2846309,sheboygan wisconsin,07-05-2006 09:49,10,http://www.tripadvisor.com
2846309,sheboygan baseball,07-05-2006 09:52,1,http://www.sheboyganbaseball.org
2846309,madison wisconsin,07-05-2006 09:53,2,http://www.visitmadison.com
2846309,lake geneva wisconsin,07-05-2006 09:58,1,http://www.lakegenevawi.com
2846309,lake geneva wisconsin,07-05-2006 09:58,1,http://www.lakegenevawi.com
2846309,wisconsin visitors,07-05-2006 10:03,1,http://www.discover-net.net
2846309,wisconsin visitors,07-05-2006 10:03,4,http://www.travelwisconsin.com
2846309,port washington wi,07-05-2006 10:25,1,http://www.ci.port-washington.wi.us
2846309,port washington wi,07-05-2006 10:25,2,http://www.portwashingtonchamber.com
2846309,free email cards,07-05-2006 11:04,1,http://www.bluemountain.com
2846309,free email cards,07-05-2006 11:04,2,http://www.123greetings.com
2846309,free email cards,07-05-2006 11:04,3,http://www.hallmark.com
2846309,free email cards,07-05-2006 11:04,3,http://www.hallmark.com
2846309,pet care,08-05-2006 18:15,1,http://www.avma.org
2846309,pet care,08-05-2006 18:15,2,http://www.avma.org
2846309,pet care,08-05-2006 18:15,4,http://www.hsus.org
2846309,eye infection dogs,08-05-2006 18:16,1,http://www.vetinfo4dogs.com
2846309,eye infection white around dog,08-05-2006 18:17,3,http://www.dog-breeds.net
2846309,dog white powder around eye,08-05-2006 18:18,0,http://www.splendidezine.com
2846309,eye infection dog,08-05-2006 18:20,1,http://www.gopetsamerica.com
2846309,life uniform franklin wisconsin,09-05-2006 08:13,0,http://www.splendidezine.com
2846309,car rental,09-05-2006 16:02,0,http://www.splendidezine.com
2846309,car rental las vegas,09-05-2006 16:19,5,http://www.carrentalexpress.com
2846309,wisconsin park and ride,11-05-2006 08:48,1,http://www.dot.wisconsin.gov
2846309,footsmart coupon,11-05-2006 10:44,0,http://www.splendidezine.com
2846309,clark sandals,11-05-2006 10:47,0,http://www.splendidezine.com
2846309,clark sunbeat sandals,11-05-2006 10:49,1,http://www.amazon.com
2846309,clark sunbeat sandals,11-05-2006 10:49,2,http://www.amazon.com
2846309,clark sunbeat sandals,11-05-2006 10:49,3,http://www.nextag.com
2846309,clark sunbeat,11-05-2006 11:04,0,http://www.splendidezine.com
2846309,riverbend shoe west allis wi,11-05-2006 11:06,0,http://www.splendidezine.com
2846309,famous footwear,11-05-2006 11:10,1,http://www.famousfootwear.com
2846309,clark sunbeat,11-05-2006 11:21,0,http://www.splendidezine.com
2846309,footsmart coupon,11-05-2006 11:27,1,http://www.edealinfo.com
2846309,footsmart coupon,11-05-2006 11:27,3,http://www.100bigcoupons.com
2846309,footsmart coupon,11-05-2006 11:27,4,http://www.couponcraze.com
2846309,footsmart coupon,11-05-2006 11:27,1,http://www.edealinfo.com
2846309,coward shoes coupon,11-05-2006 11:34,1,http://www.ebates.com
2846309,coward shoes coupon,11-05-2006 11:34,3,http://www.couponcraze.com
2846309,coward shoes coupon,11-05-2006 11:34,4,http://www.couponcraze.com
2846309,coward shoes coupon,11-05-2006 11:40,3,http://www.couponcraze.com
2846309,clark sunbeat taupe,11-05-2006 11:50,1,http://www.barrieshoes.com
2846309,clark newbeat,11-05-2006 12:04,0,http://www.splendidezine.com
2846309,clark new beat,11-05-2006 12:04,0,http://www.splendidezine.com
2846309,clark new beat,11-05-2006 12:05,0,http://www.splendidezine.com
2846309,clarks new beat,11-05-2006 12:05,1,http://www.onlineshoes.com
2846309,online shoes coupon,11-05-2006 12:08,1,http://www.couponcraze.com
2846309,online shoes coupon,11-05-2006 12:08,2,http://www.couponcabin.com
2846309,online shoes coupon,11-05-2006 12:08,4,http://coupons.smarter.com
2846309,www.wonderground.com,11-05-2006 13:20,0,http://www.splendidezine.com
2846309,online games,12-05-2006 19:58,4,http://www.shockwave.com
2846309,car rental las vegas,12-05-2006 20:33,1,http://www.bnm.com
2846309,car rental las vegas,12-05-2006 20:33,5,http://www.carrentalexpress.com
2846309,car rental las vegas,12-05-2006 20:33,7,http://www.foxrentacar.com
2846309,car rental las vegas,12-05-2006 20:33,9,http://www.a2zlasvegas.com
2846309,sams town firelight buffet las vegas,12-05-2006 21:34,1,http://www.samstownlv.com
2846309,sams town firelight buffet las vegas,12-05-2006 21:34,2,http://las-vegas-hotels.tripadvisor.com
2846309,sams town firelight buffet las vegas,12-05-2006 21:34,4,http://www.lasvegasadvisor.com
2846309,sams town firelight buffet las vegas,12-05-2006 21:34,5,http://www.frommers.com
2846309,sams town firelight buffet las vegas,12-05-2006 21:41,0,http://www.splendidezine.com
2846309,half price tickets las vegas,12-05-2006 21:42,1,http://www.lasvegas-nv.com
2846309,half price tickets las vegas,12-05-2006 21:42,5,http://www.vegasdiningdiscounts.com
2846309,half price tickets las vegas,12-05-2006 21:42,10,http://www.lvchamber.com
2846309,half price tickets las vegas,12-05-2006 21:42,2,http://www.lasvegasleisureguide.com
2846309,half price tickets las vegas,12-05-2006 21:42,1,http://www.lasvegas-nv.com
2846309,half price tickets las vegas,12-05-2006 21:42,1,http://www.lasvegas-nv.com
2846309,half price tickets las vegas,12-05-2006 21:42,3,http://www.kvbc.com
2846309,half price tickets las vegas,12-05-2006 21:42,4,http://www.tix4tonight.com
2846309,half price tickets las vegas,12-05-2006 21:50,13,http://www.wedoitallvegas.com
2846309,half price tickets las vegas,12-05-2006 21:50,15,http://www.casinoperks.com
2846309,half price tickets las vegas,12-05-2006 21:50,17,http://www.lasvegasleisureguide.com
2846309,half price tickets las vegas,12-05-2006 21:50,18,http://www.lasvegas-nv.com
2846309,half price tickets las vegas,12-05-2006 21:50,19,http://www.ilv.com
2846309,half price tickets las vegas,12-05-2006 21:50,20,http://www.viamagazine.com
2846309,half price tickets las vegas,12-05-2006 21:50,21,http://www.lasvegasadvisor.com
2846309,tom hanks films,14-05-2006 13:34,1,http://www.imdb.com
2846309,cps parking milwaukee,15-05-2006 12:54,0,http://www.splendidezine.com
2846309,cps parking milwaukee airport,15-05-2006 12:54,1,http://milwaukee.citysearch.com
2846309,mitchell field milwaukee,15-05-2006 12:55,1,http://www.mitchellairport.com
2846309,airport parking milwaukee,15-05-2006 12:57,2,http://cityguide.aol.com
2846309,airport parking milwaukee,15-05-2006 12:57,3,http://www.longtermparking.com
2846309,airport parking milwaukee,15-05-2006 12:57,7,http://www.airportparkingreservations.com
2846309,www.mapquest.c..,15-05-2006 12:58,0,http://www.splendidezine.com
2846309,foot long hot dogs las vegas,15-05-2006 18:45,1,http://www.goingtovegas.com
2846309,foot long hot dogs las vegas,15-05-2006 18:45,2,http://www.reviewjournal.com
2846309,foot long hot dogs las vegas,15-05-2006 18:45,3,http://www.bloglander.com
2846309,dave and barrys,16-05-2006 19:35,0,http://www.splendidezine.com
2846309,nashville amusement arcade,16-05-2006 19:35,0,http://www.splendidezine.com
2846309,las vegas miniature golf,16-05-2006 19:36,0,http://www.splendidezine.com
2846309,ellis island casino,16-05-2006 19:51,0,http://www.splendidezine.com
2846309,calorie counter,24-05-2006 08:27,1,http://www.nutritiondata.com
2846309,calorie counter,24-05-2006 08:27,1,http://www.nutritiondata.com
2846309,lymph nodes,25-05-2006 18:48,1,http://en.wikipedia.org
2846309,lymph nodes,25-05-2006 18:48,3,http://www.nlm.nih.gov
2846309,lymph nodes,25-05-2006 18:48,9,http://www.cancercenter.com
2846309,short hairstyles,26-05-2006 12:03,1,http://www.hairfinder.com
2846309,mamma mia,26-05-2006 15:56,1,http://www.mamma-mia.com
2846309,linda eder,26-05-2006 15:57,1,http://www.lindaeder.com
2846309,josh groban,26-05-2006 16:00,3,http://www.azlyrics.com
2846309,josh groban,26-05-2006 16:00,6,http://www.coasttocoasttickets.com
2846309,mona lisa smile cast,26-05-2006 21:35,1,http://www.imdb.com
2846309,my best friens wedding cast,28-05-2006 19:00,0,http://www.splendidezine.com
2846309,my best friends wedding cast,28-05-2006 19:01,1,http://www.imdb.com
2846309,lifetime tv,29-05-2006 21:06,1,http://www.lifetimetv.com
